id,category_id
486,5
591,6
635,9
826,48
863,89
1099,271
1103,271
1134,418
1394,88
1484,432
1649,66
1667,36
1821,48
1825,6
1866,66
2063,15
2075,7
2096,182
2099,12
2102,9
2537,9
2561,412
2578,182
2592,284
2599,91
2614,421
2731,55
2740,66
2749,419
2758,77
2761,290
2791,302
2797,47
2812,343
2954,343
3200,183
3203,20
3223,367
3235,285
4213,285
4785,355
4904,90
5047,432
5138,286
5142,339
5212,93
5930,39
6009,362
6156,66
6440,97
6503,66
6637,134
6948,70
7203,68
7351,93
7490,93
7582,64
7826,93
7848,83
7886,87
8596,15
8896,9
9180,68
9273,91
9286,91
9537,399
9656,9
9707,83
9921,372
10423,89
25863,134
25874,9
25905,325
25926,83
25940,55
25970,91
25994,6
26001,68
26014,6
26067,6
26070,147
26072,359
26080,46
26090,45
26100,145
26113,10
26116,415
26127,134
26129,18
26136,89
26138,1
26160,134
26163,91
26184,385
26186,50
26192,325
26198,134
26205,271
26207,89
26209,6
26212,328
26214,9
26216,48
26221,47
26229,134
26264,70
26270,48
26271,343
26289,5
26290,16
26443,134
26464,134
26523,134
26524,48
26527,293
26594,6
26619,147
26631,385
26648,25
26658,32
26699,287
26761,288
26766,37
26771,297
26776,9
26811,325
26817,6
26856,6
26868,420
26898,91
27181,87
27219,87
27288,292
27305,288
27312,288
27330,9
27333,287
27345,300
27376,6
27817,9
27869,7
34081,70
34334,9
34335,9
34337,9
34368,21
34370,297
34385,9
34401,433
34411,65
34415,288
34431,330
34448,44
34458,27
34470,420
34474,299
34488,147
34495,74
34508,27
34527,9
34530,27
34538,9
34547,12
34568,20
34573,22
34652,134
34719,337
34808,147
35055,39
35204,309
35205,18
35244,150
35265,290
35273,147
35274,68
35282,314
35293,9
35299,9
35308,70
35329,68
35332,419
35358,288
35361,9
35376,93
35393,9
35406,151
35414,68
35425,62
35430,44
35441,420
35454,377
35457,420
35461,9
35467,134
35474,146
35477,9
35495,66
35497,375
35500,290
35520,435
35543,9
35544,12
35548,9
35550,290
35551,302
35553,291
35558,341
35566,68
35567,9
35572,153
35576,290
35588,65
35594,65
35597,12
35607,22
35611,152
35616,50
35617,14
35642,151
35656,54
35691,12
35709,12
35734,421
35741,74
35748,70
35749,187
35759,22
35762,290
35763,9
35764,13
35774,346
35788,59
35790,343
35805,328
35806,37
35812,91
35814,373
35821,187
35826,297
35832,27
35835,297
35839,297
35843,9
35846,14
35856,297
35865,24
35867,300
35869,290
35870,299
35879,64
35894,66
35895,14
35908,9
35909,48
35911,70
35912,66
35914,9
35916,346
35927,342
35929,47
35930,9
35932,15
35940,298
35943,24
35944,79
35945,44
35946,297
35949,47
35954,9
35960,9
35961,88
35966,421
35967,49
35985,49
35987,420
35988,24
35989,20
35992,68
35997,68
36001,47
36008,48
36010,45
36022,343
36029,376
36044,339
36058,9
36059,21
36070,342
36073,105
36080,343
36088,44
36105,369
36130,369
36139,47
36144,39
36149,42
36174,340
36181,343
36182,134
36203,24
36211,47
36215,103
36216,12
36217,382
36220,343
36229,45
36245,155
36282,4
36283,357
36287,21
36292,299
36296,415
36303,148
36306,324
36310,367
36343,21
36353,42
36354,287
36381,148
36395,182
36396,182
36408,9
36443,21
36445,55
36572,287
36605,21
36608,287
36611,366
36616,290
36626,55
36627,59
36630,23
36634,55
36640,275
36646,330
36653,55
36656,54
36657,145
36658,306
36663,287
36679,12
36685,367
36698,65
36703,46
36727,9
36730,367
36747,58
36759,59
36769,55
36788,55
36839,9
36847,54
36856,89
36861,70
36876,6
36890,287
36905,54
36918,54
36986,436
37010,64
37013,287
37016,57
37026,290
37031,39
37032,48
37033,366
37034,48
37035,44
37036,297
37046,288
37054,21
37055,70
37056,271
37069,9
37078,9
37087,384
37090,406
37091,11
37097,11
37101,9
37127,58
37139,55
37140,55
37143,55
37144,54
37146,55
37147,54
37149,55
37152,55
37158,55
37160,55
37163,55
37168,55
37179,55
37180,54
37183,55
37190,79
37194,290
37195,290
37199,290
37210,287
37211,378
37216,316
37242,287
37275,9
37286,55
37292,55
37297,55
37298,298
37301,55
37302,58
37304,55
37305,55
37309,299
37314,54
37324,9
37327,133
37336,55
37345,147
37366,287
37371,54
37380,55
37381,54
37382,54
37383,11
37385,9
37399,9
37408,54
37431,9
37432,9
37433,9
37434,55
37435,54
37436,12
37437,225
37447,382
37448,300
37452,147
37454,287
37455,11
37458,134
37460,43
37467,67
37468,65
37482,290
37483,9
37495,9
37498,7
37499,62
37515,11
37518,47
37519,9
37521,290
37527,11
37535,65
37536,51
37539,159
37547,147
37549,55
37551,243
37553,58
37555,54
37557,147
37559,58
37561,55
37564,290
37577,343
37578,39
37589,37
37590,72
37605,344
37611,294
37617,39
37633,62
37640,55
37652,51
37655,54
37660,55
37661,377
37662,44
37668,70
37669,289
37680,290
37682,290
37738,287
37747,155
37762,54
37772,287
37773,299
37790,104
37809,337
37834,288
37838,9
37852,107
37854,290
37855,288
37856,290
37863,127
37869,54
37872,9
37873,341
37874,28
37901,32
37902,104
37908,9
37913,103
37914,9
37915,7
37916,40
37920,9
37923,70
37928,64
37929,287
37931,290
37932,128
37933,48
37936,134
37937,70
37939,65
37941,58
37942,362
37944,9
37947,43
37949,70
37950,55
37952,290
37953,148
37954,9
37955,9
37956,9
37958,17
37959,254
37961,297
37962,9
37963,9
37964,333
37965,48
37967,9
37968,70
37969,287
37973,47
37976,9
37980,55
37981,9
37985,9
37986,68
37991,70
38002,91
38019,104
38027,21
38037,55
38038,54
38042,55
38043,308
38047,182
38049,91
38056,148
38063,65
38066,148
38072,48
38073,337
38075,42
38078,9
38091,47
38092,38
38095,371
38097,148
38098,367
38113,70
38114,70
38130,70
38131,48
38132,9
38137,128
38138,159
38139,9
38142,370
38143,9
38144,290
38145,12
38146,70
38153,342
38154,54
38157,54
38159,9
38160,55
38164,42
38165,103
38167,309
38168,54
38169,290
38170,17
38172,47
38173,55
38175,159
38176,290
38177,44
38188,288
38211,9
38214,42
38222,290
38231,9
38232,12
38234,55
38235,9
38237,58
38242,9
38243,54
38244,55
38248,149
38251,40
38253,362
38254,44
38257,9
38258,9
38259,107
38261,290
38267,9
38269,9
38270,9
38276,55
38277,9
38281,58
38282,12
38285,55
38287,421
38289,21
38290,55
38296,9
38300,287
38302,194
38305,438
38306,425
38309,9
38310,58
38319,9
38321,159
38323,54
38324,65
38327,290
38328,290
38329,378
38332,288
38335,9
38336,9
38339,12
38343,55
38348,134
38350,58
38352,58
38354,9
38356,9
38361,9
38362,64
38365,9
38372,20
38373,55
38375,292
38376,9
38377,27
38379,9
38383,287
38385,422
38395,24
38396,9
38406,422
38408,290
38409,9
38420,287
38421,289
38425,9
38428,9
38429,70
38430,9
38445,9
38446,9
38449,9
38452,9
38454,9
38455,6
38460,9
38464,6
38466,58
38472,6
38473,6
38480,9
38481,105
38486,75
38488,9
38491,9
38492,6
38494,6
38495,9
38500,6
38501,419
38502,9
38506,120
38507,375
38509,9
38511,294
38513,6
38521,6
38523,375
38525,9
38527,431
38531,1
38533,9
38534,9
38535,310
38536,6
38537,134
38539,9
38540,9
38542,9
38543,436
38545,6
38546,1
38548,9
38550,9
38554,70
38556,1
38559,148
38561,6
38562,1
38563,9
38565,9
38566,9
38567,9
38568,70
38569,9
38570,9
38571,9
38572,9
38573,9
38576,290
38577,6
38578,9
38581,6
38583,134
38585,15
38589,1
38590,55
38591,55
38592,104
38593,9
38595,148
38596,148
38598,6
38600,420
38603,148
38604,148
38609,6
38612,3
38616,134
38617,148
38621,9
38622,6
38623,9
38624,9
38625,148
38626,9
38627,2
38628,6
38629,145
38652,1
38653,40
38654,9
38655,6
38657,6
38658,6
38674,49
38676,9
38678,9
38679,9
38680,47
38681,55
38682,9
38684,40
38689,148
38691,9
38692,148
38693,1
38698,148
38699,70
38701,44
38702,308
38707,40
38708,6
38709,9
38711,148
38712,10
38713,93
38714,9
38715,3
38716,3
38717,3
38718,1
38719,9
38720,9
38721,6
38726,54
38729,15
38731,16
38735,9
38745,40
38748,9
38749,55
38750,6
38751,55
38757,40
38760,54
38762,6
38763,193
38765,55
38767,54
38779,40
38781,6
38782,290
38783,88
38784,40
38787,6
38790,13
38792,3
38793,3
38794,40
38795,297
38796,3
38797,9
38801,40
38803,47
38804,9
38808,3
38810,54
38811,1
38813,70
38815,54
38816,55
38817,9
38818,147
38819,47
38824,9
38825,9
38826,16
38831,290
38834,9
38835,9
38836,54
38837,88
38840,7
38842,54
38843,9
38846,9
38849,1
38853,9
38856,352
38859,1
38875,1
38876,47
38878,9
38880,48
38882,3
38886,9
38890,20
38891,4
38894,147
38900,47
38901,147
38902,7
38903,372
38904,47
38905,70
38908,55
38912,9
38921,64
38928,3
38930,10
38932,9
38933,9
38935,44
38936,9
38938,9
38941,70
38945,5
38946,54
38947,1
38949,372
38954,9
38955,1
38956,9
38957,9
38960,147
38961,316
38964,77
38991,9
38992,1
38994,9
38996,9
38997,9
38998,9
38999,350
39000,9
39001,9
39005,9
39006,47
39008,9
39010,10
39013,9
39017,4
39019,6
39022,9
39023,9
39024,9
39026,9
39043,113
39046,6
39052,9
39053,9
39055,9
39057,3
39067,146
39068,63
39069,3
39082,9
39087,9
39089,9
39091,9
39092,9
39110,9
39111,10
39112,42
39114,9
39116,9
39117,9
39121,48
39134,134
39135,10
39138,27
39142,48
39143,1
39147,9
39148,9
39150,9
39151,20
39157,10
39160,9
39164,91
39176,146
39177,341
39180,20
39182,9
39183,9
39191,1
39206,319
39219,9
39223,91
39231,9
39232,1
39235,10
39236,134
39238,51
39240,342
39244,146
39246,134
39247,9
39249,9
39259,9
39260,9
39268,22
39269,10
39270,38
39272,10
39277,1
39280,262
39292,47
39293,105
39300,9
39303,9
39309,10
39310,341
39313,313
39315,45
39317,339
39318,2
39329,62
39331,1
39332,1
39346,4
39347,276
39348,10
39349,70
39353,2
39354,27
39356,361
39363,9
39371,9
39373,10
39376,21
39394,9
39401,25
39402,1
39405,9
39407,9
39412,20
39415,1
39422,412
39424,9
39425,9
39427,21
39428,9
39435,43
39436,303
39441,87
39443,17
39448,14
39452,9
39456,1
39457,343
39458,63
39461,9
39462,9
39475,145
39480,324
39481,9
39488,9
39489,22
39490,316
39491,23
39493,9
39497,70
39504,9
39509,11
39510,317
39518,355
39523,9
39527,182
39532,325
39533,302
39535,9
39545,11
39560,1
39562,9
39569,166
39575,361
39588,25
39590,436
39593,21
39600,9
39603,420
39619,67
39620,309
39626,27
39631,9
39632,13
39634,9
39638,38
39639,43
39650,9
39651,290
39655,9
39658,6
39659,9
39660,54
39665,10
39667,103
39680,421
39683,2
39684,9
39686,39
39694,9
39697,9
39720,70
39722,9
39724,103
39732,9
39768,91
39831,1
39835,302
39837,44
39838,9
39839,9
39876,95
39879,55
39882,9
39887,297
39888,1
39894,9
39896,9
39900,51
39902,43
39907,62
39908,314
39917,45
39920,259
39924,438
39929,330
39932,45
39934,22
39937,93
39940,283
39942,93
39946,27
39948,54
39950,289
39952,325
39953,271
39954,1
39958,55
39959,44
39960,9
39961,140
39962,273
39965,361
39966,283
39968,91
39972,62
39983,277
39984,289
39986,1
39995,1
39998,93
40000,20
40001,298
40004,392
40008,190
40011,314
40034,1
40035,182
40053,27
40054,40
40056,382
40057,1
40061,9
40062,5
40064,90
40067,51
40070,179
40074,1
40075,70
40076,383
40095,62
40097,283
40102,357
40105,38
40109,6
40111,190
40113,21
40122,188
40124,6
40125,182
40126,9
40127,9
40130,289
40135,2
40137,93
40138,5
40140,47
40142,36
40145,65
40151,9
40154,9
40158,436
40160,9
40166,70
40167,290
40168,72
40169,87
40170,9
40172,9
40173,1
40174,9
40179,38
40180,6
40182,314
40187,9
40191,5
40192,5
40194,14
40195,5
40196,68
40197,44
40198,27
40199,9
40200,70
40202,22
40206,72
40208,5
40209,6
40210,350
40211,5
40213,38
40215,70
40216,36
40218,4
40219,55
40222,5
40224,70
40225,9
40226,9
40227,9
40228,6
40229,27
40230,9
40231,299
40232,182
40235,9
40236,104
40239,6
40240,91
40241,9
40245,75
40246,9
40247,339
40251,330
40253,40
40256,27
40257,271
40258,9
40259,18
40261,91
40262,104
40263,6
40264,47
40265,54
40268,5
40269,37
40270,2
40271,6
40274,22
40275,1
40276,330
40277,1
40278,284
40279,47
40280,2
40281,2
40283,418
40285,411
40288,4
40289,2
40290,2
40291,27
40293,22
40294,68
40295,6
40296,93
40297,47
40298,339
40301,47
40302,9
40304,6
40305,317
40306,314
40312,12
40313,70
40315,315
40317,6
40318,4
40320,87
40321,147
40322,6
40323,88
40324,51
40325,76
40327,22
40328,27
40329,6
40330,48
40331,6
40333,9
40334,5
40337,6
40338,91
40340,375
40343,40
40345,5
40349,27
40350,12
40352,438
40354,2
40356,319
40357,1
40359,9
40360,45
40361,1
40362,93
40364,6
40369,343
40372,6
40375,4
40376,6
40379,5
40380,48
40384,93
40386,6
40387,47
40389,4
40390,434
40391,435
40394,378
40395,87
40396,6
40397,6
40401,48
40403,6
40408,1
40409,87
40410,1
40411,347
40412,2
40413,361
40415,36
40418,87
40419,9
40421,71
40422,297
40424,5
40425,4
40427,9
40430,25
40431,27
40432,46
40433,11
40434,2
40437,2
40438,1
40439,335
40440,78
40441,6
40442,4
40443,44
40445,2
40446,258
40447,22
40449,87
40451,328
40452,104
40456,9
40462,79
40465,361
40469,2
40473,6
40476,14
40477,4
40478,50
40481,1
40482,1
40483,6
40487,5
40488,12
40489,48
40490,12
40493,1
40494,6
40496,6
40497,6
40498,6
40499,1
40501,1
40505,93
40506,159
40507,376
40509,6
40511,6
40515,346
40517,50
40518,112
40520,98
40530,9
40531,6
40543,48
40560,22
40567,48
40572,9
40583,1
40584,418
40585,70
40591,1
40594,6
1857,2
5826,294
26469,5
36770,9
37651,1
37695,9
37700,70
37719,9
37733,93
37749,309
623,84
1390,4
1398,27
2093,148
2113,9
3145,32
3208,9
3366,32
4347,88
4586,6
5323,2
5377,148
7067,70
7938,384
8006,339
8460,344
9753,190
9825,83
10312,44
25858,2
25935,54
25939,9
25941,153
25946,93
25956,54
25958,6
25960,54
25978,6
25992,9
26022,91
26071,147
26078,287
26081,84
26084,46
26087,21
26091,365
26093,70
26112,14
26128,362
26133,9
26149,9
26150,84
26151,411
26183,9
26185,2
26189,363
26199,9
26213,48
26219,91
26239,155
26248,9
26251,22
26296,2
26306,44
26319,11
26445,2
26473,46
26525,9
26529,155
26542,91
26547,4
26555,93
26560,91
26585,325
26586,93
26595,327
26607,185
26632,93
26634,193
26635,401
26651,372
26656,408
26661,91
26664,4
26673,183
26687,271
26693,4
26694,14
26701,194
26702,93
26711,64
26714,182
26716,358
26728,182
26736,421
26747,46
26754,288
26757,325
26762,9
26764,70
26783,1
26802,87
26816,66
26818,366
26827,47
26828,42
26830,328
26860,300
26861,40
26862,48
26863,48
26864,70
26866,151
26895,107
26906,91
26911,91
26918,70
26995,183
26997,23
27032,187
27152,87
27153,87
27172,300
27215,406
27232,88
27289,1
27291,97
27307,54
27311,313
27331,344
27401,9
27405,70
27406,70
27482,70
27483,300
27803,302
27870,275
28396,9
33486,287
33568,90
33671,48
33766,12
33804,42
33812,148
33904,64
34092,58
34248,145
34303,299
34316,315
34353,300
34377,62
34378,156
34379,12
34382,341
34384,48
34420,78
34438,40
34454,343
34457,22
34477,59
34499,290
34515,347
34524,20
34528,47
34533,325
34534,9
34540,48
34541,70
34556,337
34567,9
34677,3
34681,337
34716,2
34717,147
34720,2
35008,68
35045,65
35074,22
35242,182
35243,54
35312,1
35321,294
35347,1
35369,40
35394,5
35398,6
35434,188
35443,7
35466,2
35479,21
35480,54
35502,2
35503,151
35506,39
35507,339
35549,292
35568,112
35569,9
35595,7
35596,339
35601,40
35626,252
35657,4
35658,9
35683,9
35684,259
35698,132
35736,60
35743,1
35754,290
35755,104
35797,14
35799,187
35800,39
35801,104
35804,22
35825,290
35852,274
35868,291
35871,146
35872,2
35880,9
35892,9
35931,62
35934,69
35938,314
36007,9
36026,9
36056,134
36057,54
36060,54
36072,4
36142,13
36145,11
36221,91
36256,38
36257,44
36268,104
36298,182
36301,44
36304,347
36305,147
36311,300
36312,134
36337,300
36339,55
36341,48
36342,362
36369,287
36377,9
36378,42
36382,2
36383,287
36409,182
36410,54
36455,10
36507,38
36523,17
36548,3
36555,59
36556,59
36557,59
36563,55
36564,55
36566,55
36570,59
36571,55
36584,62
36604,106
36621,56
36625,55
36633,55
36635,54
36636,54
36637,54
36644,40
36650,55
36666,36
36728,40
36729,367
36731,300
36753,3
36767,55
36789,55
36862,1
36863,39
37063,27
37150,55
37154,55
37161,55
37165,54
37196,22
37231,39
37456,27
37516,150
37520,248
37546,36
37565,9
37572,62
37581,287
37583,287
37600,290
37638,9
37647,6
37656,32
37678,61
37692,134
37699,21
37769,43
37778,277
37844,43
37857,54
37905,183
37907,87
37911,87
37943,259
37948,187
37951,87
37974,1
37989,288
37996,87
38009,87
38010,87
38018,182
38025,372
38036,65
38059,83
38064,9
38067,25
38070,87
38071,302
38080,270
38081,56
38084,415
38085,1
38096,83
38107,83
38108,38
38109,38
38115,182
38124,38
38126,83
38133,83
38135,9
38147,38
38148,22
38149,372
38150,291
38151,21
38152,38
38156,87
38162,38
38163,347
38179,83
38181,9
38183,287
38186,324
38199,68
38208,288
38209,291
38212,107
38224,328
38233,87
38241,303
38278,3
38288,9
38315,107
38330,9
38345,55
38349,10
38351,343
38358,146
38366,2
38370,7
38381,352
38384,10
38389,65
38391,436
38405,107
38413,6
38419,10
38422,4
38434,107
38435,64
38436,287
38438,4
38439,341
38443,302
38448,66
38453,66
38462,10
38468,4
38470,9
38478,302
38479,4
38483,103
38485,4
38497,291
38505,1
38508,55
38512,5
38532,9
38549,9
38557,70
38558,362
38560,38
38580,9
38584,340
38588,21
38620,290
38677,22
38683,69
38705,43
38706,287
38723,420
38725,182
38730,134
38741,9
38747,38
38755,9
38758,55
38768,366
38772,9
38773,9
38780,91
38786,47
38788,70
38791,343
38799,9
38802,22
38806,55
38828,9
38850,289
38854,1
38855,66
38864,346
38867,9
38869,9
38879,287
38893,10
38895,10
38899,348
38910,68
38917,294
38925,300
38931,287
38937,9
38939,7
38942,47
38944,324
38958,10
38959,27
38987,55
38990,4
39007,9
39015,9
39018,9
39021,47
39056,9
39066,10
39076,328
39077,339
39078,9
39083,7
39090,9
39097,420
39098,155
39102,47
39113,9
39115,9
39118,9
39119,9
39120,9
39122,48
39124,289
39125,333
39126,344
39127,324
39130,153
39133,9
39145,1
39146,9
39154,347
39156,290
39158,344
39173,9
39184,9
39185,9
39187,42
39208,1
39210,47
39212,300
39216,300
39217,22
39218,9
39228,70
39230,9
39234,21
39237,48
39242,9
39248,345
39257,9
39258,353
39271,1
39273,299
39284,287
39285,78
39287,70
39289,347
39297,9
39298,9
39299,290
39302,1
39307,9
39316,44
39338,289
39345,302
39350,433
39352,9
39355,9
39357,9
39358,7
39359,9
39360,9
39361,9
39369,418
39380,342
39381,318
39382,24
39383,15
39385,104
39392,22
39393,79
39396,9
39397,48
39400,14
39403,39
39416,39
39423,21
39429,20
39432,47
39433,116
39437,352
39439,259
39440,22
39451,10
39454,10
39459,7
39473,134
39492,425
39494,255
39498,248
39499,291
39503,37
39507,12
39508,2
39529,5
39540,2
39546,298
39547,38
39549,3
39551,9
39566,20
39578,9
39579,1
39591,15
39598,422
39599,422
39601,3
39602,70
39616,420
39622,9
39633,10
39636,67
39637,148
39642,302
39647,24
39657,9
39664,9
39666,422
39702,4
39707,4
39709,145
39725,9
39726,9
39727,314
39729,9
39730,9
39767,141
39784,378
39793,47
39886,1
39903,141
39906,22
39910,418
39911,376
39915,346
39921,346
39928,9
39930,70
39931,9
39938,9
39945,70
39947,272
39955,70
39957,17
39963,1
39971,290
39974,5
39976,132
39980,39
39985,290
39994,418
39996,55
39997,9
40010,70
40012,91
40063,38
40073,9
40082,70
40088,6
40098,68
40099,68
40101,5
40107,10
40112,418
40116,6
40119,9
40123,1
40136,14
40144,5
40148,78
40178,121
40193,9
40205,9
40207,22
40214,362
40220,47
40233,290
40238,6
40243,1
40244,31
40284,5
40286,419
40292,5
40303,112
40311,6
40341,48
40363,1
40365,12
40366,84
40367,39
40371,1
40373,9
40378,9
40388,1
40398,6
40404,25
40426,1
40435,376
40492,5
40510,7
37378,70
475,7
587,302
2060,13
2567,271
5493,1
6075,6
7201,91
7402,68
8408,64
25967,55
25988,105
25993,18
26018,9
26085,1
26111,9
26115,20
26193,362
26223,9
26232,7
26244,7
26263,44
26408,9
26513,23
26532,32
26598,66
26601,407
26606,352
26626,377
26639,6
26649,376
26672,40
26674,339
26679,9
26689,64
26700,200
26712,43
26715,40
26717,358
26718,358
26719,358
26720,40
26733,9
26741,288
26758,317
26759,288
26760,1
26769,1
26770,415
26774,4
26777,1
26780,9
26781,15
26808,132
26809,1
26810,371
26829,1
26831,1
26834,9
26836,15
26846,1
26857,47
26867,159
26869,55
26871,54
26891,5
26894,296
26901,296
26912,296
26913,14
26914,15
26956,1
26963,9
26964,9
26990,339
26998,15
27020,62
27031,188
27055,422
27171,300
27175,290
27204,435
27225,300
27226,44
27290,55
27292,300
27304,313
27339,339
27396,341
27397,47
27400,9
27404,9
27419,2
27420,343
27472,107
27726,2
27916,1
27917,1
28325,47
28328,60
28333,290
28371,9
33449,7
33453,97
33475,48
33632,144
33881,39
33913,48
33915,291
34087,55
34104,10
34107,10
34352,42
34371,378
34380,97
34383,70
34391,40
34419,78
34421,48
34432,44
34435,314
34440,313
34450,114
34455,70
34456,182
34479,94
34512,292
34513,39
34514,46
34532,159
34553,195
34558,96
34561,3
34569,70
34570,70
34678,291
34679,322
34680,300
34734,11
34735,9
34736,299
34987,16
35010,337
35017,372
35042,11
35043,9
35065,54
35066,300
35075,47
35083,358
35103,48
35197,11
35206,346
35310,44
35311,32
35320,9
35362,346
35366,47
35367,372
35368,187
35370,9
35397,97
35431,170
35445,12
35464,174
35465,12
35476,70
35501,300
35618,27
35634,9
35663,55
35689,155
35690,11
35699,12
35701,48
35735,9
35737,384
35738,385
35742,70
35833,44
35933,148
35935,12
35937,2
35942,40
36006,298
36025,16
36054,23
36055,58
36074,7
36076,298
36077,40
36140,12
36143,9
36146,313
36222,184
36223,96
36224,71
36238,7
36258,132
36269,100
36271,325
36272,128
36284,48
36285,9
36286,145
36288,9
36295,303
36299,55
36302,314
36332,384
36336,299
36338,55
36340,347
36344,297
36350,44
36351,290
36352,58
36379,148
36384,44
36407,9
36452,55
36454,290
36481,55
36482,56
36492,55
36493,55
36528,54
36529,55
36530,56
36531,56
36532,55
36534,55
36535,55
36547,77
36549,55
36569,55
36606,21
36618,55
36619,55
36651,55
36652,55
36654,55
36655,55
36664,44
36672,40
36676,296
36678,384
36684,44
36752,55
36754,418
36757,55
36758,58
36761,55
36766,55
36768,55
36771,54
36774,58
36775,58
36776,55
36777,55
36779,291
36780,1
36781,7
36782,55
36797,9
36801,95
36864,32
37043,21
37045,276
37075,11
37103,375
37289,68
37321,14
37325,100
37430,95
37440,297
37526,43
37534,304
37550,107
37554,107
37568,2
37570,296
37571,39
37579,39
37580,39
37582,39
37667,1
37670,56
37673,96
37684,300
37685,155
37689,380
37701,27
37707,5
37721,274
37743,5
37761,55
37779,5
37787,49
37825,40
37846,62
37850,21
37851,270
37853,318
37858,287
37876,290
37899,62
37903,7
37906,24
37909,346
37917,302
37935,291
37945,70
37957,288
37966,22
37977,300
37978,132
37987,67
37995,47
37997,70
38000,194
38001,9
38005,270
38006,270
38007,9
38008,424
38011,47
38012,44
38017,20
38023,287
38026,21
38028,62
38031,9
38032,288
38040,54
38046,290
38052,48
38053,37
38061,5
38062,287
38068,290
38069,1
38076,300
38077,44
38082,107
38086,300
38088,44
38089,44
38100,70
38102,48
38104,48
38105,12
38110,421
38116,287
38119,182
38121,70
38123,47
38125,300
38128,9
38129,277
38136,288
38158,9
38182,30
38184,40
38185,9
38187,33
38189,44
38195,290
38196,48
38198,48
38202,300
38215,87
38220,287
38225,182
38227,271
38229,287
38238,182
38245,287
38247,9
38252,9
38260,328
38275,9
38283,70
38286,9
38303,107
38304,132
38307,9
38312,9
38331,289
38342,107
38353,55
38364,9
38369,290
38380,47
38386,70
38393,289
38394,55
38404,63
38410,187
38423,309
38427,62
38437,58
38442,58
38451,272
38467,63
38484,302
38496,55
38524,7
38529,47
38672,423
38703,306
38740,9
38752,54
38764,277
38766,277
38829,17
38830,104
38839,384
38872,38
38883,9
38884,37
38888,290
38896,289
38906,40
38909,70
38913,1
38916,63
38951,9
38962,9
38966,341
38989,384
39016,68
39031,10
39048,20
39049,9
39081,421
39084,63
39085,47
39086,343
39123,134
39159,22
39161,9
39166,39
39179,155
39188,64
39189,415
39190,47
39200,291
39211,55
39227,290
39229,70
39245,10
39255,70
39275,9
39276,93
39279,90
39288,70
39301,290
39304,9
39311,104
39330,3
39334,336
39362,290
39365,418
39375,290
39384,182
39387,12
39388,9
39390,4
39399,9
39408,24
39410,300
39418,9
39420,182
39430,4
39455,11
39464,290
39472,65
39485,274
39511,116
39524,5
39528,47
39531,93
39544,64
39558,293
39561,300
39563,70
39580,289
39589,182
39629,418
39640,272
39652,1
39653,15
39654,9
39670,9
39701,47
39723,160
39728,9
39880,70
39899,422
39901,1
39904,4
39909,296
39922,422
39923,39
39925,9
39933,55
39970,9
39977,70
39978,107
39979,9
40006,27
40072,70
40080,27
40083,287
40087,9
40092,9
40100,64
40106,66
40115,420
40153,22
40155,38
40189,44
40217,61
40332,5
40351,78
40368,36
40370,91
40385,5
40392,45
40428,3
40514,6
2109,104
3238,66
6092,70
6230,32
8770,9
25979,9
26060,83
26147,32
26148,70
26206,58
26222,339
26262,9
26272,287
26452,66
26470,15
26515,189
26522,292
26528,54
26545,12
26554,38
26556,383
26587,7
26596,434
26599,93
26617,274
26627,374
26675,70
26684,182
26685,325
26692,64
26705,330
26709,288
26722,434
26724,288
26742,361
26763,12
26775,9
26790,44
26812,287
26835,9
26841,91
26887,287
26962,290
26971,48
26988,68
26996,182
27021,287
27036,361
27037,58
27052,36
27054,36
27185,292
27203,292
27222,9
27306,58
27332,42
27346,7
27414,9
27415,285
27418,287
27421,70
27431,29
27484,9
27727,89
27730,375
27732,93
27823,70
27829,4
27857,1
27872,40
27873,9
27875,17
27898,47
27899,70
28197,9
33130,317
33450,7
33487,44
33527,24
33530,3
33584,36
33731,4
33752,64
33802,4
33823,4
33824,70
33865,75
33866,304
33867,303
33882,148
34304,288
34381,24
34434,24
34459,9
34557,3
35014,361
35015,297
35067,4
35198,150
35264,9
35300,292
35304,292
35315,182
35346,58
35348,70
35363,55
35365,63
35396,187
35468,158
35505,4
35688,9
35713,272
35803,22
36052,358
36053,40
36233,372
36300,299
36345,148
36453,9
36480,55
36673,44
36709,300
36773,55
36778,55
36787,300
36796,300
37061,21
37262,54
37268,147
37282,54
37562,5
37781,290
37979,55
38014,39
38015,339
38030,62
38050,62
38055,1
38079,104
38090,107
38099,9
38103,9
38106,4
38112,9
38120,300
38122,39
38197,288
38200,299
38203,299
38205,107
38206,44
38213,104
38218,4
38239,56
38255,37
38265,105
38274,9
38279,182
38280,9
38298,9
38311,9
38313,9
38316,9
38318,9
38320,107
38340,24
38341,424
38344,59
38347,55
38355,9
38357,9
38360,423
38363,9
38367,9
38374,54
38382,420
38402,9
38403,9
38441,9
38471,9
38522,420
38544,23
38551,438
38564,9
38606,55
38607,9
38656,9
38724,42
38744,70
38756,407
38874,28
38889,25
38897,1
38911,51
38926,9
38929,300
38940,295
38993,9
39004,282
39009,304
39014,425
39042,434
39064,22
39099,427
39106,55
39107,425
39175,94
39178,146
39186,290
39197,22
39201,343
39221,9
39222,9
39225,46
39233,287
39252,22
39256,34
39262,77
39282,9
39312,287
39314,47
39333,9
39351,271
39366,58
39374,36
39395,9
39409,46
39460,199
39466,66
39468,93
39471,54
39476,9
39477,12
39479,12
39543,55
39556,44
39564,35
39597,12
39641,12
39656,9
39662,418
39668,9
39690,9
39721,78
39771,270
39772,45
39776,48
39795,207
39802,105
39805,24
39815,9
39818,9
39821,9
39832,9
39833,12
39834,106
39836,71
39877,70
39969,9
40066,71
40089,290
40090,36
40131,78
40242,65
40249,56
40250,134
40342,159
40347,91
40414,31
40417,28
40471,31
40532,31
822,294
7405,271
10009,7
25975,9
25982,73
26024,70
26027,6
26141,9
26246,71
26531,12
26565,70
26584,7
26628,375
26686,287
26727,287
26837,35
27022,196
27033,87
27035,289
27038,55
27039,297
27049,65
27154,32
27182,9
27202,91
27229,91
27323,9
27387,9
27390,337
27422,72
27590,9
27867,104
27868,62
27874,182
27900,62
27926,66
28170,337
28382,287
33153,70
33448,297
33564,14
33903,436
34560,149
34582,9
36316,31
36755,54
37021,32
37041,290
37185,55
37236,147
37257,147
37267,147
37271,147
37859,71
38033,422
38058,71
38118,297
38166,32
38194,9
38201,40
38219,339
38236,392
38295,118
38297,9
38326,24
38333,44
38368,182
38444,110
38465,104
38526,9
38547,48
38575,48
38582,40
38601,9
38605,5
38704,9
38822,147
38868,9
38877,9
38881,9
38887,70
38892,91
38898,9
38943,9
39051,9
39054,9
39059,9
39136,182
39137,22
39139,9
39140,9
39171,9
39174,9
39193,48
39202,48
39224,9
39239,168
39254,287
39264,9
39274,104
39283,70
39290,287
39308,32
39321,54
39335,67
39340,9
39342,104
39344,42
39364,330
39368,9
39386,69
39404,287
39406,9
39431,95
39442,9
39445,22
39449,31
39465,79
39467,25
39500,418
39512,9
39515,287
39516,104
39530,32
39536,55
39539,65
39542,141
39568,9
39572,104
39604,9
39644,70
39648,9
39761,420
39786,9
39794,278
39798,9
39890,70
39892,70
39936,25
39939,66
39941,70
39944,25
39964,9
39987,25
40007,147
40093,91
40103,81
40121,91
40139,9
40147,147
40299,93
40405,93
40436,63
40479,38
25991,91
25998,9
26285,9
26434,9
26512,9
26526,9
26597,91
26605,91
26838,436
26840,436
26858,97
26989,362
27347,5
27471,228
27600,70
27826,70
27866,9
28157,70
28445,4
34019,9
34389,70
34437,325
35005,134
35084,147
35313,134
35326,68
35395,66
35432,77
35993,62
36225,91
36522,279
36536,271
36565,55
36784,9
36837,271
37237,147
37266,147
37622,435
37625,436
37686,65
37718,287
37875,279
37934,32
37993,31
38013,24
38190,54
38210,48
38216,32
38246,358
38322,95
38371,58
38392,274
38433,54
38555,70
38630,5
38800,5
38814,75
38865,32
38922,271
38924,287
38988,287
39020,5
39030,5
39050,290
39063,9
39080,278
39155,38
39181,297
39199,68
39241,62
39253,9
39263,40
39266,271
39327,31
39336,309
39337,1
39341,5
39391,4
39411,70
39413,32
39414,279
39419,55
39421,25
39426,31
39470,272
39478,47
39483,271
39484,70
39537,425
39570,9
39574,12
39583,44
39596,134
39614,9
39646,5
39770,9
39878,27
39881,9
39949,25
39973,65
39989,272
40021,74
40060,55
40150,347
40316,5
40374,25
40382,5
26074,134
26253,64
26281,2
26311,2
26324,2
26550,1
26559,2
26566,76
26629,2
26666,70
26779,64
26807,2
26870,9
27051,2
27322,76
27378,2
27379,70
27426,95
27603,70
27731,134
27786,2
27787,31
27827,70
28421,1
33452,134
33525,134
37563,279
37919,279
39096,5
39128,28
39131,31
39165,9
39205,32
39213,5
39267,297
39278,5
39281,87
39319,9
39339,44
39370,6
39379,31
39434,290
39446,160
39447,294
39486,25
39501,27
39613,27
39661,9
39889,31
39956,5
40002,31
40009,64
40065,147
40085,49
40108,5
40129,87
40183,25
40184,5
40201,5
40221,90
40254,5
40287,6
40314,5
40533,9